CJT1895;CYHZ;B763
EWG391;DTMB;A320
EWG383;DTTA;B738
BCS491;EBBR;B734
ATV014H;EBMB;DH8D
GWI8058;EDDB;A319
GWI021;EDDB;A320
GWI009;EDDB;A319
EJU782M;EDDB;A320
T7CTD;EDDB;G280
CGF7827;EDDB;B738
GWI8054;EDDB;A320
GWI053;EDDB;A319
GWI8070;EDDB;A319
GAF630;EDDB;GL5T
SRR6227;EDDB;B762
GAF607;EDDB;GLEX
GAF614;EDDB;GL5T
GAF949;EDDB;A343
GAF689;EDDE;GLEX
AYY112;EDDF;LJ35
TMT007W;EDDF;A321
GWI2YT;EDDH;A319
GWI9ZU;EDDH;A320
EWG031;EDDH;B738
EWG39RP;EDDH;A320
QAJ6;EDDH;LJ35
GWI6YX;EDDH;A320
EWG2YT;EDDH;B738
MILTA;EDDK;F900
EFD2F;EDDK;C25M
GAF650;EDDK;GL5T
GAF613;EDDK;GL5T
ADN11E;EDDK;LJ60
GWI8059;EDDK;A319
EWG362;EDDK;A320
EWG284;EDDK;A319
EWG844;EDDK;A320
DFOUR;EDDK;TBM9
DCPAN;EDDK;PC24
MMF25;EDDK;2A332
DLH2LL;EDDK;E195
GWI7KE;EDDK;A319
EWG764;EDDK;A319
EWG756;EDDK;A320
EWG788;EDDK;A319
EWG824;EDDK;A319
GWI6KT;EDDK;A320
DLH3WT;EDDK;A319
EWG580;EDDK;A320
SRN1956;EDDK;SF34
EWG112;EDDK;A319
TWI348;EDDK;B734
MSC2919;EDDK;A320
SXS1K;EDDK;B738
TUI859F;EDDK;B738
EWG10W;EDDK;A320
MAC224;EDDK;A320
EWG9FK;EDDK;A320
EWG8WH;EDDK;A320
EWG678;EDDK;A320
SRR6228;EDDK;B762
SXS56N;EDDK;B738
SRN1988;EDDK;AT73
SWN1976;EDDK;ATP
SRR6118;EDDK;B762
CAI7LK;EDDK;B738
BBD6810;EDDK;B738
SRN6262;EDDK;AT72
CGF1808;EDDK;B734
SRN1980;EDDK;AT75
SXS97A;EDDK;B738
SXS3XM;EDDK;B738
SXS6NE;EDDK;B38M
FHY372;EDDK;A320
SRN1922;EDDK;AT75
CAI49AQ;EDDK;B738
UBD4436;EDDK;A320
TMT1806;EDDK;A321
SXS2J;EDDK;B738
CAI4L;EDDK;B738
SRR6646;EDDK;B762
SRR6498;EDDK;B762
SRR6374;EDDK;B763
SRR6382;EDDK;B762
UPS236;EDDK;B763
SRR6978;EDDK;B762
SRR6316;EDDK;B763
SRR6402;EDDK;B763
SXS3W;EDDK;B38M
SXS2AK;EDDK;B738
CXI1081;EDDK;B738
SXS8ZD;EDDK;B738
SRR6566;EDDK;B762
UPS228;EDDK;B748
BCS7620;EDDK;B734
QAJ1;EDDK;LJ45
EWG384;EDDK;B738
RYR2MW;EDDK;B738
WZZ1097;EDDK;A320
RYR66SY;EDDK;B738
UPS234;EDDK;B763
RYR7647;EDDK;B738
PGT97J;EDDK;A20N
RYR526E;EDDK;B738
THY4086;EDDK;B738
CAI9WH;EDDK;B738
DLH8HR;EDDK;CRJ9
EWG578;EDDK;A320
EWG962;EDDK;A320
EWG546;EDDK;B738
RYR76KU;EDDK;B738
THY9VK;EDDK;A321
EWG7Y;EDDK;A319
UPS18;EDDK;B748
GWI020;EDDK;A320
N7877T;EDDK;C25B
ADN17A;EDDK;J328
EWG1CX;EDDK;A320
EWG526;EDDK;A320
EWG826;EDDK;B738
EZY8530;EDDK;A319
EWG896;EDDK;A320
RYR4BA;EDDK;B738
CJT1896;EDDK;B763
EWG588;EDDK;A320
DLH1XY;EDDK;A320
RYR431F;EDDK;B738
FHM5171;EDDK;B738
GWI9GW;EDDK;A320
RYR82HD;EDDK;B738
EJU94FT;EDDK;A320
ATL4U;EDDK;C25B
RYR99VM;EDDK;B738
RYR2WP;EDDK;B738
CXI3Z;EDDK;B738
EWG772;EDDK;A320
ECA3BH;EDDK;C25B
ADN17E;EDDK;LJ60
RYR409;EDDK;B738
ECA2HL;EDDK;C25A
RYR11BK;EDDK;B738
RYR6869;EDDK;B738
RYR9YN;EDDK;B738
EWG754;EDDK;A320
THY9BQ;EDDK;B738
RYR1404;EDDK;B738
ABR482;EDDK;B738
THY1838;EDDK;A320
EWG2RE;EDDK;A320
GWI008;EDDK;A319
CXI7X;EDDK;B738
RYR4772;EDDK;B738
EWG464;EDDK;A320
EWG424;EDDK;A320
EWG86CB;EDDK;A320
RYR58UK;EDDK;A320
PGT28E;EDDK;B738
EWG370;EDDK;A320
ABR443;EDDK;B738
THY8TQ;EDDK;A321
BUC8726;EDDK;A320
EWG658;EDDK;B738
RYR93UV;EDDK;B738
ABR4GB;EDDK;B734
RYR737R;EDDK;B738
THY1310;EDDK;B38M
GER171;EDDK;E190
OKPHM;EDDK;E55P
CAI76GF;EDDK;B738
EWG396;EDDK;A319
EWG602;EDDK;B738
EWG594;EDDK;A320
EWG4YX;EDDK;A320
THY1414;EDDK;B38M
TWI648;EDDK;B734
DCWIR;EDDK;C25C
SWT571;EDDK;B752
RUN518;EDDK;B744
RYR1TM;EDDK;B738
SCR378;EDDK;C25B
RYR7YN;EDDK;B738
SXS8HQ;EDDK;A320
PGT53B;EDDK;B738
UPS278;EDDK;B744
UPS204;EDDK;B748
EWG522;EDDK;A320
CAI41QC;EDDK;B738
RYR6HM;EDDK;B738
RYR4LP;EDDK;B738
GER771;EDDK;E190
EWG2PH;EDDK;A319
EWG268;EDDK;A320
RYR8DG;EDDK;B738
EWG928;EDDK;A320
UPS226;EDDK;MD11
EWG1TE;EDDK;A320
RYR4VJ;EDDK;B738
FHM5177;EDDK;B738
EWG858;EDDK;A319
EWG534;EDDK;A320
CAI8V;EDDK;A320
XC7904;EDDK;A320
EWG9AX;EDDK;A320
BUC6FR;EDDK;A320
CXI8R;EDDK;B738
THY8EJ;EDDK;B738
MSC2913;EDDK;A320
EWG5CL;EDDK;B738
DIEGO;EDDK;C25A
CAI1AP;EDDK;B738
CAI25BC;EDDK;A320
THY7WK;EDDK;B738
PGT5014;EDDK;A20N
PGT5966;EDDK;B738
CXI7NA;EDDK;A320
EWG614;EDDK;B738
PGT1506;EDDK;A320
PGT5004;EDDK;A20N
THY5WA;EDDK;B738
PGT35U;EDDK;B738
SXS1P;EDDK;B738
FHY366;EDDK;A320
FDX5225;EDDK;B77L
THY4RG;EDDK;B738
WZZ104E;EDDK;A320
FDX97;EDDK;B77L
CAI8UK;EDDK;B738
RYR6TY;EDDK;B738
NOS9031;EDDK;B38M
CXI644;EDDK;B738
CXI1069;EDDK;B738
THY1544;EDDK;A320
RYR72AY;EDDK;B738
PGT1584;EDDK;B738
THY87J;EDDK;B38M
EWG862;EDDK;A319
EWG816;EDDK;B738
EWG5NP;EDDK;A320
RYR249P;EDDK;B738
EWG28R;EDDK;A320
EWG686;EDDK;A320
AHO718Z;EDDK;E35L
EWG5PL;EDDK;B738
EWG974;EDDK;A319
EWG854;EDDK;A320
EWG912;EDDK;A319
FDX5393;EDDK;B77L
THY6607;EDDK;B77L
EWG930;EDDK;A320
JEI161;EDDK;LJ55
EWG242;EDDK;A320
CXI1067;EDDK;B738
EWG252;EDDK;A320
DCDAS;EDDK;E55P
FXT20V;EDDK;GALX
FDX503A;EDDK;B77L
THY95UK;EDDK;B738
FDX5030;EDDK;B77L
EFD4E;EDDK;C25C
RYR701F;EDDK;B738
DFC7HY;EDDK;C56X
FHM513P;EDDK;A320
FHM5061;EDDK;B738
NJE062F;EDDK;E55P
CAI2B;EDDK;B738
EWG436;EDDK;A320
DFLAT;EDDK;PC12
PRG322;EDDK;E50P
EWG5MR;EDDK;A319
RYR3DP;EDDK;B738
DERWA;EDDK;P28A
CXI58JK;EDDK;B738
LAV990P;EDDK;B738
EWG850;EDDK;B738
RYR668K;EDDK;B738
EWG1VE;EDDK;A319
AYY116;EDDK;LJ35
RYR1UY;EDDK;B738
LAV5270;EDDK;B738
EWG440;EDDK;A320
EWG814;EDDK;A320
TMT007Y;EDDK;A321
GER161;EDDK;E190
EJU58CP;EDDK;A320
ASL68F;EDDK;A319
RYR4GP;EDDK;B738
DLH1LJ;EDDK;CRJ9
CXI84LC;EDDK;B738
WZZ3372;EDDK;A321
BUC6004;EDDK;A320
WZZ4630;EDDK;A320
RYR18RM;EDDK;B738
GAC404X;EDDK;C510
WZZ1047;EDDK;A21N
UPS14;EDDK;B748
GER763P;EDDK;E190
RYR64CQ;EDDK;B738
UPS20;EDDK;B748
RYR54WD;EDDK;B738
RYR42DC;EDDK;B738
UPS216;EDDK;B744
EWG492;EDDK;A320
UPS210;EDDK;B763
EWG860;EDDK;A319
FHM5173;EDDK;A320
CXI579P;EDDK;B738
EWG544;EDDK;B738
CXI7WE;EDDK;B738
EWG5ET;EDDK;A320
CAI7DB;EDDK;B738
UPS22;EDDK;B748
UPS218;EDDK;B763
UPS264;EDDK;B763
CAI64CP;EDDK;B38M
UPS232;EDDK;B763
CXI78GU;EDDK;B733
UPS270;EDDK;B763
CAI9QR;EDDK;B738
UPS208;EDDK;B763
CAI2FQ;EDDK;B738
BUC8621;EDDK;A320
THY3HB;EDDK;B738
THY8ML;EDDK;B738
UPS214;EDDK;B744
FHY362;EDDK;A320
FDX6293;EDDK;B752
BCS189;EDDK;B762
CXI680P;EDDK;B738
CAI74WW;EDDK;B738
TAY4723;EDDK;B738
BCS425;EDDK;B752
BCS2WP;EDDK;B733
WZZ1043;EDDK;A321
WZZ605;EDDK;A320
WZZ1829;EDDK;A320
EWG382;EDDK;B738
GWI8055;EDDK;A320
PGT96C;EDDK;A20N
CAI7HT;EDDK;B738
CAI1M;EDDK;B738
AYY162;EDDK;CL60
RYR1604;EDDK;B738
UPS224;EDDK;B744
RYR3024;EDDK;B738
EWG468;EDDK;A320
QAV30E;EDDK;E55P
GWI8071;EDDK;A319
EWG030;EDDK;B738
RYR1CD;EDDK;A320
DEGMM;EDDK;C172
FHM5121;EDDK;A320
NCR814;EDDK;B744
CXI576P;EDDK;B738
EJU82ZH;EDDK;A320
RUN516;EDDK;B744
WZZ1981;EDDK;A320
DLH9973;EDDK;C525
IRA728;EDDK;A332
EWG7FE;EDDK;A319
GWI052;EDDK;A319
FHM6507;EDDK;A320
FHY452;EDDK;A320
BUC9CN;EDDK;A320
RYR8LA;EDDK;B738
CAI32HQ;EDDK;A320
DLH4UX;EDDK;A319
CXI6UF;EDDK;B738
RYR43FT;EDDK;B738
RWL5535;EDDK;P28R
ABX984;EDDK;B763
DEFKG;EDDK;BE35
EWG110;EDDK;A320
EWG838;EDDK;A320
AWU115A;EDDK;C25A
RYR732G;EDDK;B738
CXI11JD;EDDK;B738
RYR8056;EDDK;B738
VMS10;EDDK;B738
CAI8HP;EDDK;B738
N700RS;EDDK;C10T
EWG590;EDDK;B738
DCAWN;EDDK;C68A
GER100P;EDDK;E190
EWG7037;EDDK;A320
EWG460;EDDK;A320
RYR652U;EDDK;B738
RYR1JU;EDDK;B738
ABX956;EDDK;B763
EWG520;EDDK;A320
TAY4815;EDDK;B734
BCS4621;EDDK;B752
CXI73FT;EDDK;B738
BCS30A;EDDK;B752
UPS12;EDDK;B744
SWT1NS;EDDK;B752
CGF7828;EDDK;B738
SRN6932;EDDK;AT72
SWT1SO;EDDK;AT72
BCS7552;EDDK;B734
SRN1996;EDDK;AT72
SWT1RP;EDDK;AT43
UPS272;EDDK;B763
UPS248;EDDK;B762
SWT1WR;EDDK;AT72
EWG636;EDDK;A320
CXI4YD;EDDK;B738
UPS266;EDDK;B752
UPS274;EDDK;B763
SWT1KR;EDDK;AT72
UPS282;EDDK;B752
CAI7L;EDDK;A333
UPS294;EDDK;B752
UPS260;EDDK;B763
SWT1810;EDDK;B752
BUC8526;EDDK;A320
UPS292;EDDK;B763
UPS242;EDDK;B763
UPS256;EDDK;B763
BCS409;EDDK;B738
PGT1684;EDDK;B738
BCS19A;EDDK;B734
UPS284;EDDK;B763
BCS199;EDDK;B752
BCS8842;EDDK;B734
BCS488;EDDK;B738
BCS448;EDDK;B734
CAI3516;EDDK;B738
BCS485;EDDK;B734
NYX300;EDDK;SF34
CAI78HP;EDDK;B738
BCS427;EDDK;B752
BCS197;EDDK;B752
NOS8403;EDDK;B738
FDX4;EDDK;B77L
PHMYX;EDDK;C650
PGT1526;EDDK;B738
AUA1HM;EDDK;E195
GWI3XU;EDDK;A320
UEE2;EDDK;C525
EWG390;EDDK;A320
AWU714G;EDDK;C25A
HBFXI;EDDK;PC12
GWI4FR;EDDK;A320
GAM419A;EDDK;EC35
GAM217A;EDDK;EC35
ATV301H;EDDK;DH8D
FHM5123;EDDK;A320
BUC8421;EDDK;A320
CAI92CC;EDDK;B738
AEE815;EDDK;A320
CXI7C;EDDK;B738
CXI1047;EDDK;B738
EWG966;EDDK;A320
EWG6899;EDDK;A320
QAJ022;EDDK;LJ35
MMF16;EDDK;A332
AUA12G;EDDK;A320
THY2GW;EDDK;B738
EWG968;EDDK;A319
NOS4402;EDDK;B738
CAI49FT;EDDK;A333
SXS2B;EDDK;B738
UPS268;EDDK;B763
CXI9LR;EDDK;B738
CAI16GW;EDDK;B738
UPS4;EDDK;B748
CAI67QK;EDDK;B738
TWI356;EDDK;B734
CAI74RV;EDDK;B738
N808ME;EDDK;GLF5
CGF7898;EDDK;B738
VTB800;EDDK;C650
RUN514;EDDK;B744
XGO3PB;EDDK;P180
DGZXD;EDDK;PA44
EWG7MZ;EDDK;A320
CAI7JN;EDDK;B738
DIKCG;EDDK;C25A
NJE3NX;EDDK;E55P
GER431P;EDDK;E190
EWG392;EDDK;A320
ART1305;EDDK;A320
CXI77DE;EDDK;B738
FJO65K;EDDK;E550
FHM5175;EDDK;A320
TCCLK;EDDK;CL60
MMF61;EDDK;A332
BUC1PP;EDDK;A320
JCB1;EDDK;GL7T
LWG591;EDDK;E50P
CXI27BK;EDDK;B738
DFWWW;EDDK;PC12
DITAN;EDDK;C525
DIPVD;EDDK;C25A
AHO749A;EDDK;E35L
AHO265V;EDDK;E55P
LXG41A;EDDK;C25M
ADN13C;EDDK;J328
UBD436;EDDK;A320
9AJET;EDDK;C25A
DCMOR;EDDK;E55P
ADN12C;EDDK;J328
CAI44DU;EDDK;B738
CXI1P;EDDK;B738
MMF18;EDDK;A332
GWI080;EDDK;A319
EWG7KE;EDDK;B738
RYR2512;EDDK;B738
CAI1Q;EDDK;A320
EWG4C;EDDK;A319
CGF7882;EDDK;B738
BUC8326;EDDK;A320
CXI82PG;EDDK;B738
CAI6AL;EDDK;B738
CAI98NU;EDDK;A320
CXI5Z;EDDK;B738
ISR734;EDDK;B738
CAI55AT;EDDK;B738
GWI091;EDDM;A320
DLH8WY;EDDM;E195
DLH2YF;EDDM;A319
DLH2XL;EDDM;CRJ9
DLH6VE;EDDM;A320
DLH1CP;EDDM;CRJ9
SRR6119;EDDM;B763
DLH1PN;EDDM;A319
GWI7AX;EDDM;A320
AWU114A;EDDM;C25A
GWI081;EDDM;A319
DBONN;EDDN;F2TH
BCS73B;EDDP;B752
BCS198;EDDP;B762
BCS5TM;EDDP;B752
AYY181;EDDS;LJ45
BCS4620;EDDS;B752
GAF686;EDDW;GLEX
GAF866;EDFH;A21N
GAF878;EDFH;A21N
GAF873;EDFH;A21N
GAF858;EDFH;A21N
DEBAX;EDKA;AA5
AYY110;EDLV;LJ35
QAJ101;EDLW;LJ35
BPO509;EDVZ;EC55
RYR7UK;EGCC;B738
RYR9ZT;EGGD;B738
BCS2696;EGGW;B752
XGO3DK;EGKB;P180
EZY8529;EGKK;A319
AWU713G;EGLC;C25A
GER431F;EGLF;E190
BCS2359;EGLL;B752
EWG465;EGLL;A320
EWG469;EGLL;A320
EWG8XG;EGLL;A320
QAJ202;EGNJ;LJ35
UPS239;EGNX;B763
QAJ2;EGNX;LJ45
SRR6977;EGNX;B762
SRR6565;EGNX;B762
UPS237;EGNX;B748
BCS424;EGNX;B733
BCS426;EGNX;B752
EWG363;EGPH;A319
ATL1D;EGSS;C56X
RYR1EC;EGSS;B738
RYR4M;EGSS;B738
RYR4MV;EGSS;B738
UPS207;EGSS;B763
GAF931;EGVA;A343
ROF187;EGVA;AN30
AHO758H;EHAM;E35L
RYR37YC;EIDW;B738
EWG69R;EIDW;A319
UPS249;EIDW;B762
RYR8547;EIKN;B738
GER763F;EIKY;E190
N243PC;EINN;C700
BBD6809;EKBI;B738
RYR31SG;EKCH;B738
BCS487;EKCH;B738
GER100F;ENGM;E190
MMF13;ENGM;A332
WZZ1875;EPGD;A21N
SRN1957;EPGD;SF34
RYR7XX;EPKT;B738
ABR483;EPKT;B738
WZZ2872;EPKT;A321
SRN1981;EPKT;AT75
RYR8YJ;EPMO;B738
N71LF;EPMO;EVOT
SRN1987;EPPO;AT73
NCR813;EPRZ;B744
UPS273;EPWA;B763
SWT2WR;EPWR;AT72
UPS291;ESMS;B763
UPS285;ESMS;B763
RYR4771;ESSA;B738
UPS283;ESSA;B752
EWG371;ESSA;A319
GAF677;ETAD;GLEX
OSY11F;ETSL;A319
GAF863;ETSL;A319
GAF7863;ETSL;A319
RYR7NT;EVRA;B738
RYR5603;EYKA;B738
SWT2KR;EYKA;AT72
RYR6631;GCFV;B738
CXI2HU;GCFV;B738
EWG243;GCFV;A320
FHM5122;GCFV;A320
CXI8N;GCFV;B738
EWG269;GCLP;A320
RYR292R;GCLP;B738
CXI43MY;GCLP;B738
FHM5124;GCLP;A320
CXI1QF;GCLP;B738
CXI38VD;GCRR;B738
CXI6SZ;GCRR;B738
RYR97YU;GCTS;B738
EWG253;GCTS;A320
EWG385;GMMW;B738
MAC223G;GMMW;A320
CXI1070;GMMW;B738
RYR1597;GMMX;B738
CXI1082;GMTT;B738
BCS933;GMTT;B734
EWG393;GMTT;A320
MSC2918;HEGN;A320
MSC2912;HEGN;A320
CXI1068;HEGN;B738
FHM5062;HEGN;B738
CXI1048;HEGN;B738
ART1304;HEGN;A320
ABX957;KCVG;B763
FDX92;KIND;B77L
FDX5081;KMEM;B77L
FDX32;KMEM;B77L
ABX983;KORD;B763
UPS209;KPHL;B763
UPS233;KPHL;B763
UPS203;KSDF;B748
UPS225;KSDF;MD11
UPS217;KSDF;B763
UPS213;KSDF;B748
UPS223;KSDF;B744
EWG913;LATI;A319
WZZ8411;LATI;A321
EWG111;LBBG;A320
RYR8KE;LBSF;B738
SWT2SO;LBSF;AT72
BUC6003;LBWN;A320
WZZ104C;LBWN;A320
UPS265;LCLK;B752
RYR3WJ;LCPH;B738
EWG967;LDPL;A320
EWG9MC;LDRI;A319
EWG963;LDSP;A320
EWG9YV;LDSP;A319
EWG7EZ;LDZA;A320
SWN1975;LDZA;ATP
EWG87X;LDZD;A319
RYR4CX;LDZD;A320
EWG859;LEAL;A319
RYR33BL;LEAL;B738
EWG527;LEBL;A320
RYR54YJ;LEBL;B738
EWG3UT;LEBL;A320
ABR442;LEBL;B738
UPS243;LEBL;B763
EWG521;LEBL;A320
RYR2511;LEBL;B738
EWG547;LEIB;B738
ECA3ER;LEIB;C25B
EWG8FY;LEIB;B738
UPS257;LEMD;B763
MMF70;LEMD;A332
EWG12G;LEMG;A320
RYR63PN;LEMG;B738
EWG595;LEMH;A320
EWG7P;LEPA;A320
EWG581;LEPA;A320
RYR3RR;LEPA;B738
EWG40Y;LEPA;A320
RYR88GT;LEPA;B738
DCEUS;LEPA;C25C
EWG587;LEPA;A320
EWG3FB;LEPA;A320
EWG593;LEPA;A320
RYR54CJ;LEPA;B738
RYR52FF;LEPA;A320
RYR2HK;LEPA;B738
BUC8722;LEPA;A320
EWG6YZ;LEPA;B738
EWG597;LEPA;A320
EWG4CH;LEPA;A320
EWG23A;LEPA;A320
CXI5M;LEPA;B738
LAV5269;LEPA;B738
EJU3134;LEPA;A320
BUC8622;LEPA;A320
BUC8522;LEPA;A320
CXI89NR;LEPA;B738
BUC8422;LEPA;A320
EWG34A;LEPA;A320
BUC8322;LEPA;A320
CXI7K;LEPA;B738
RYR83QT;LEVC;B738
SWT1811;LEVT;B752
RYR7AG;LEVT;B738
BCS7TV;LEVT;B734
RYR1139;LEZL;B738
RYR4559;LFBZ;B738
EWG437;LFKB;A320
EWG441;LFKC;A320
NJE005T;LFKF;E55P
SRR6373;LFLL;B763
ECA2WP;LFMD;C25A
SRR6381;LFML;B762
CGF7881;LFML;B738
EWG425;LFMN;A320
PRG332;LFMN;E50P
AOJ74J;LFPB;C750
FDX5024;LFPG;B77L
SRR6315;LFPG;B763
UPS219;LFPG;B763
FDX6;LFPG;B77L
BCS1843;LFPG;B734
SWT2NS;LFRN;B752
GAF642;LFSB;A319
SRN6261;LFSB;AT72
SRN1997;LFSB;AT72
AEE814;LGAV;A320
RYR5058;LGAV;B738
EWG677;LGIR;A320
EWG679;LGIR;A320
BUC8BA;LGIR;A320
CXI77BV;LGIR;A320
FHM5174;LGIR;A320
CXI76DA;LGIR;B733
BUC8527;LGIR;A320
BUC8327;LGIR;A320
CXI3V;LGIR;B738
EWG659;LGKO;B738
FHM5178;LGKO;B738
CXI8Z;LGKO;B738
CXI19MK;LGKO;B738
FHM5176;LGKO;A320
GER774;LGKR;E190
EWG615;LGKR;B738
RYR996W;LGKR;B738
EWG687;LGKV;A320
EWG635;LGRP;A320
FHM5172;LGRP;B738
EWG637;LGRP;A320
CXI89HE;LGRP;B738
CXI3PU;LGRP;B738
CXI5F;LGSA;B738
EWG675;LGSR;A319
EWG1VA;LGTS;A319
EWG653;LGTS;B738
EWG789;LHBP;A320
RYR1TL;LHBP;B738
SEDZZ;LHBP;LJ35
DFC6TB;LHBP;C56X
EWG877;LIBD;A320
EWG34R;LIBR;B738
EWG855;LICA;A320
EWG817;LICC;B738
EWG847;LICJ;A319
RYR9UM;LICJ;B738
EWG861;LIEE;A319
NOS4403;LIEE;B738
CXI28WQ;LIEO;B738
EWG845;LIEO;A320
EWG825;LIMC;A319
EWG827;LIMC;B738
ABR423;LIMC;B734
NOS8030;LIMC;B38M
LAV5169;LIMC;B738
TMT1807;LIMC;A321
BCS408;LIMC;B738
BCS406;LIMC;B734
NOS8402;LIMC;B738
RYR9LN;LIME;B738
RYR497K;LIME;B738
SRR6401;LIME;B762
CGF7897;LIME;B738
GER162;LIMJ;E190
RYR88EP;LIPE;B738
RYR1605;LIPE;B738
SRR6497;LIPE;B762
EWG839;LIPE;A320
BCS7513;LIPO;B734
GER172;LIPQ;E190
EWG45P;LIPX;A320
EWG815;LIPZ;A320
UPS259;LIPZ;B763
EWG887;LIRF;A320
RYR7DF;LIRF;B738
EWG10Y;LIRN;A319
EWG897;LIRP;A320
FHM5001;LJLJ;B738
SRN1921;LJLJ;AT75
SWT2RP;LKMT;AT43
EWG773;LKPR;A320
UPS295;LKPR;B752
EWG6VH;LKPR;A319
UPS267;LLBG;B763
FDX6393;LLBG;B752
TUI2707;LMML;B738
RYR119G;LMML;B738
EWG285;LOWK;A319
GAC404W;LOWL;C510
EWG35RJ;LOWS;A320
EWG757;LOWW;A320
EWG755;LOWW;A320
RYR9WQ;LOWW;B738
UPS275;LOWW;B763
AUA195;LOWW;E195
AUA1MD;LOWW;A320
RYR769L;LPFR;B738
EWG1K;LPFR;A320
CXI7V;LPMA;B738
EJU52LZ;LPPR;A320
RYR84CT;LPPR;B738
SRR6645;LPPR;B762
RYR3MU;LPPT;B738
EWG603;LPPT;B738
QAJ7;LQMO;LJ55
EWG493;LQSA;A320
WZZ1527;LQSA;A320
WZZ8873;LQTZ;A320
GAF827;LRCK;A319
CGF1809;LRCL;B734
WZZ3125;LRCL;A320
WZZ1063;LRCV;A320
OSY32T;LRTR;AN30
SRN6933;LSGG;AT72
EWG37N;LSZH;A319
EWG6FK;LSZH;A319
DIBTI;LSZH;C525
NJE922A;LSZH;E55P
THY2TU;LTAC;B738
CAI6D;LTAC;B738
SXS4TB;LTAC;B738
PGT1683;LTAC;B738
PGT78N;LTAC;A20N
RUN513;LTAC;B744
THY1309;LTAF;B38M
CAI32FH;LTAF;B738
PGT1583;LTAF;B738
CAI8P;LTAF;B738
TWI347;LTAI;B734
SXS4VC;LTAI;B738
CAI7W;LTAI;B738
SXS8PA;LTAI;B38M
FHY371;LTAI;A320
SXS7X;LTAI;B738
CAI88WY;LTAI;B738
PGT5003;LTAI;A20N
THY2BM;LTAI;B38M
SXS7R;LTAI;B38M
CAI7FX;LTAI;B738
EWG929;LTAI;A320
TWI647;LTAI;B734
SXS6JK;LTAI;A320
CAI28RB;LTAI;A320
THY7XM;LTAI;B738
PGT5013;LTAI;A20N
CAI6R;LTAI;B738
EWG931;LTAI;A320
FHY365;LTAI;A320
CAI3N;LTAI;B38M
CAI61YB;LTAI;B738
THY5DW;LTAI;B738
FHY361;LTAI;A320
FHM512P;LTAI;A320
FHY451;LTAI;A320
CAI39DN;LTAI;A320
CAI3Z;LTAI;A333
THY5YT;LTAI;B738
CAI93LY;LTAI;A333
TWI355;LTAI;B734
CAI22UG;LTAI;B738
CAI8CD;LTAI;A320
CAI5MR;LTAJ;B738
THY9YT;LTAJ;B38M
CAI5F;LTAJ;B738
THY1837;LTAN;A320
CAI1W;LTAS;B738
CAI1SP;LTAS;B738
CAI26AM;LTAS;B738
THY1413;LTAU;B38M
CAI84VZ;LTAU;B738
PGT1607;LTAU;B738
CAI85SU;LTAU;B738
SXS62M;LTAU;B738
CAI94TG;LTAU;B738
CAI31TX;LTAU;B738
EWG113;LTBJ;A319
SXS5G;LTBJ;B738
CAI3A;LTBJ;B738
SXS5KB;LTBJ;B738
SXS1LG;LTBJ;B738
CAI8NH;LTBJ;B738
PGT1505;LTBJ;A320
CAI71NH;LTBJ;B738
CAI57ED;LTBJ;B738
CAI24MF;LTBJ;B738
CAI92DM;LTBJ;B738
SXS6DT;LTBS;B738
CAI71VA;LTBS;B738
PGT1525;LTBZ;B738
CAI55FP;LTBZ;B738
THY7RA;LTCA;B38M
THY4085;LTCG;B738
CAI89BH;LTFD;B738
SXS5MU;LTFE;B738
PGT5965;LTFE;B738
CAI8YG;LTFE;B738
THY1543;LTFH;A320
THY8QD;LTFJ;B738
PGT25Y;LTFJ;B738
PGT92D;LTFJ;A20N
PGT46Z;LTFJ;B738
THY15DN;LTFJ;B738
THY83S;LTFJ;B738
THY56B;LTFM;A321
THY45PK;LTFM;B738
THY14RJ;LTFM;A321
THY6606;LTFM;B77L
UPS269;LTFM;B763
WZZ1793;LWSK;A320
WZZ7723;LYBE;A321
ASL58D;LYNI;A319
MNE2450;LYPG;A320
IRA729;OIIE;A332
UPS15;OMDB;B748
UPS3;OMDB;B748
UPS27;OMDB;B763
UPS271;OMDB;B763
UPS23;OMSJ;B748
UPS21;OMSJ;B748
UPS25;OMSJ;B748
UBD4435;ORER;A320
UBD435;ORER;A320
RUN517;OTHH;B744
RUN515;OTHH;B744
UPS11;RKSI;B748
EWG291;UDYZ;A320
SWT572;UGTB;B752
UPS19;VHHH;B748
UPS279;VIDP;B744
